insert into ACETP.BRANCH (BRANCH_DB_ID, CALENDAR_DB_ID, POSTAL_ADDR_DB_ID, NAME, BIC, TIME_ZONE, CCY, BRANCH_OPEN, CREATION_DATE, UPDATING_DATE, VERSION_NUM, CODE, RISK_CALENDAR_DB_ID, NPK_CALENDAR_DB_ID, AGG_HOMOGENEOUS_MVTS) values (33, 1438, 319, 'BP2S SYDNEY', 'PARBAU2BXXX', 'AUSTRALIA/SYDNEY', 'AUD', 1, TIMESTAMP '2021-05-07 13:13:45', null, 1, 'AU2S', 1444, null, 0);
insert into ACETP.BRANCH (BRANCH_DB_ID, CALENDAR_DB_ID, POSTAL_ADDR_DB_ID, NAME, BIC, TIME_ZONE, CCY, BRANCH_OPEN, CREATION_DATE, UPDATING_DATE, VERSION_NUM, CODE, RISK_CALENDAR_DB_ID, NPK_CALENDAR_DB_ID, AGG_HOMOGENEOUS_MVTS) values (47, 2417, 658, 'BP2S BRUSSELS', 'PARBBEB2XXX', 'EUROPE/BRUSSELS', 'EUR', 1, TIMESTAMP '2019-03-18 20:00:50', null, 1, 'BEBZ', 2418, null, 0);
insert into ACETP.BRANCH (BRANCH_DB_ID, CALENDAR_DB_ID, POSTAL_ADDR_DB_ID, NAME, BIC, TIME_ZONE, CCY, BRANCH_OPEN, CREATION_DATE, UPDATING_DATE, VERSION_NUM, CODE, RISK_CALENDAR_DB_ID, NPK_CALENDAR_DB_ID, AGG_HOMOGENEOUS_MVTS) values (39, 2277, 598, 'BP2S ZURICH', 'PARBCHZZXXX', 'EUROPE/ZURICH', 'CHF', 1, TIMESTAMP '2018-01-31 20:00:47', null, 1, 'CHZZ', 2278, null, 0);
insert into ACETP.BRANCH (BRANCH_DB_ID, CALENDAR_DB_ID, POSTAL_ADDR_DB_ID, NAME, BIC, TIME_ZONE, CCY, BRANCH_OPEN, CREATION_DATE, UPDATING_DATE, VERSION_NUM, CODE, RISK_CALENDAR_DB_ID, NPK_CALENDAR_DB_ID, AGG_HOMOGENEOUS_MVTS) values (1, 1, 1, 'BP2S FRANKFURT', 'PARBDEFFXXX', 'EUROPE/BERLIN', 'EUR', 1, TIMESTAMP '2004-09-20 14:28:50', null, 1, 'DEFF', 1557, null, 0);
insert into ACETP.BRANCH (BRANCH_DB_ID, CALENDAR_DB_ID, POSTAL_ADDR_DB_ID, NAME, BIC, TIME_ZONE, CCY, BRANCH_OPEN, CREATION_DATE, UPDATING_DATE, VERSION_NUM, CODE, RISK_CALENDAR_DB_ID, NPK_CALENDAR_DB_ID, AGG_HOMOGENEOUS_MVTS) values (34, 1477, 358, 'BP2S MADRID', 'PARBESMMXXX', 'EUROPE/MADRID', 'EUR', 1, TIMESTAMP '2012-02-24 07:16:56', null, 1, 'ESMX', 1487, null, 0);
insert into ACETP.BRANCH (BRANCH_DB_ID, CALENDAR_DB_ID, POSTAL_ADDR_DB_ID, NAME, BIC, TIME_ZONE, CCY, BRANCH_OPEN, CREATION_DATE, UPDATING_DATE, VERSION_NUM, CODE, RISK_CALENDAR_DB_ID, NPK_CALENDAR_DB_ID, AGG_HOMOGENEOUS_MVTS) values (31, 1177, 31, 'BP2S PARIS', 'PARBFRPPXXX', 'EUROPE/PARIS', 'EUR', 1, TIMESTAMP '2010-01-12 14:36:38', null, 1, 'FRPP', 2594, null, 0);
insert into ACETP.BRANCH (BRANCH_DB_ID, CALENDAR_DB_ID, POSTAL_ADDR_DB_ID, NAME, BIC, TIME_ZONE, CCY, BRANCH_OPEN, CREATION_DATE, UPDATING_DATE, VERSION_NUM, CODE, RISK_CALENDAR_DB_ID, NPK_CALENDAR_DB_ID, AGG_HOMOGENEOUS_MVTS) values (49, 2457, 698, 'BP2S LONDON', 'PARBGB2LXXX', 'EUROPE/LONDON', 'GBP', 1, TIMESTAMP '2019-06-05 20:00:37', null, 1, 'GB2L', 2438, null, 0);
insert into ACETP.BRANCH (BRANCH_DB_ID, CALENDAR_DB_ID, POSTAL_ADDR_DB_ID, NAME, BIC, TIME_ZONE, CCY, BRANCH_OPEN, CREATION_DATE, UPDATING_DATE, VERSION_NUM, CODE, RISK_CALENDAR_DB_ID, NPK_CALENDAR_DB_ID, AGG_HOMOGENEOUS_MVTS) values (50, 2479, 719, 'BP2S GUERNSEY', 'PARBGG1SXXX', 'EUROPE/GUERNSEY', 'GBP', 1, TIMESTAMP '2019-06-06 20:00:44', null, 1, 'GGS1', 2480, null, 0);
insert into ACETP.BRANCH (BRANCH_DB_ID, CALENDAR_DB_ID, POSTAL_ADDR_DB_ID, NAME, BIC, TIME_ZONE, CCY, BRANCH_OPEN, CREATION_DATE, UPDATING_DATE, VERSION_NUM, CODE, RISK_CALENDAR_DB_ID, NPK_CALENDAR_DB_ID, AGG_HOMOGENEOUS_MVTS) values (45, 2157, 510, 'BP2S ATHENS', 'PARBGRXXXXX', 'EUROPE/ATHENS', 'EUR', 1, TIMESTAMP '2017-09-20 20:00:35', null, 1, 'GRAX', 2158, null, 0);
insert into ACETP.BRANCH (BRANCH_DB_ID, CALENDAR_DB_ID, POSTAL_ADDR_DB_ID, NAME, BIC, TIME_ZONE, CCY, BRANCH_OPEN, CREATION_DATE, UPDATING_DATE, VERSION_NUM, CODE, RISK_CALENDAR_DB_ID, NPK_CALENDAR_DB_ID, AGG_HOMOGENEOUS_MVTS) values (6, 938, 274, 'BP2S HONG-KONG', 'PARBHKHHXXX', 'ASIA/HONG_KONG', 'HKD', 1, TIMESTAMP '2006-06-30 17:06:06', null, 1, 'HKHH', 1378, null, 0);
insert into ACETP.BRANCH (BRANCH_DB_ID, CALENDAR_DB_ID, POSTAL_ADDR_DB_ID, NAME, BIC, TIME_ZONE, CCY, BRANCH_OPEN, CREATION_DATE, UPDATING_DATE, VERSION_NUM, CODE, RISK_CALENDAR_DB_ID, NPK_CALENDAR_DB_ID, AGG_HOMOGENEOUS_MVTS) values (4, 738, 240, 'BP2S BUDAPEST', 'PARBHUHBXXX', 'EUROPE/BUDAPEST', 'HUF', 1, TIMESTAMP '2007-10-12 11:10:00', null, 1, 'HUHK', 1354, null, 0);
insert into ACETP.BRANCH (BRANCH_DB_ID, CALENDAR_DB_ID, POSTAL_ADDR_DB_ID, NAME, BIC, TIME_ZONE, CCY, BRANCH_OPEN, CREATION_DATE, UPDATING_DATE, VERSION_NUM, CODE, RISK_CALENDAR_DB_ID, NPK_CALENDAR_DB_ID, AGG_HOMOGENEOUS_MVTS) values (2, 318, 2, 'BP2S MILANO', 'PARBITMMXXX', 'EUROPE/ROME', 'EUR', 1, TIMESTAMP '2003-03-04 11:24:47', TIMESTAMP '2024-08-12 01:47:21', 2, 'ITMM', 1377, null, 0);
insert into ACETP.BRANCH (BRANCH_DB_ID, CALENDAR_DB_ID, POSTAL_ADDR_DB_ID, NAME, BIC, TIME_ZONE, CCY, BRANCH_OPEN, CREATION_DATE, UPDATING_DATE, VERSION_NUM, CODE, RISK_CALENDAR_DB_ID, NPK_CALENDAR_DB_ID, AGG_HOMOGENEOUS_MVTS) values (48, 2437, 670, 'BP2S JERSEY', 'PARBJE1SXXX', 'EUROPE/JERSEY', 'GBP', 1, TIMESTAMP '2019-05-30 20:00:46', null, 1, 'JESH', 2438, null, 0);
insert into ACETP.BRANCH (BRANCH_DB_ID, CALENDAR_DB_ID, POSTAL_ADDR_DB_ID, NAME, BIC, TIME_ZONE, CCY, BRANCH_OPEN, CREATION_DATE, UPDATING_DATE, VERSION_NUM, CODE, RISK_CALENDAR_DB_ID, NPK_CALENDAR_DB_ID, AGG_HOMOGENEOUS_MVTS) values (46, 2297, 610, 'BP2S LUXEMBOURG', 'PARBLLLLXXX', 'EUROPE/LUXEMBOURG', 'EUR', 1, TIMESTAMP '2018-07-18 20:00:46', null, 1, 'LULL', 2298, null, 0);
insert into ACETP.BRANCH (BRANCH_DB_ID, CALENDAR_DB_ID, POSTAL_ADDR_DB_ID, NAME, BIC, TIME_ZONE, CCY, BRANCH_OPEN, CREATION_DATE, UPDATING_DATE, VERSION_NUM, CODE, RISK_CALENDAR_DB_ID, NPK_CALENDAR_DB_ID, AGG_HOMOGENEOUS_MVTS) values (3, 697, 98, 'BP2S WARSAW', 'PARBPLPWXXX', 'EUROPE/WARSAW', 'PLN', 1, TIMESTAMP '2007-09-20 10:32:32', null, 1, 'PLPX', 1259, null, 0);
insert into ACETP.BRANCH (BRANCH_DB_ID, CALENDAR_DB_ID, POSTAL_ADDR_DB_ID, NAME, BIC, TIME_ZONE, CCY, BRANCH_OPEN, CREATION_DATE, UPDATING_DATE, VERSION_NUM, CODE, RISK_CALENDAR_DB_ID, NPK_CALENDAR_DB_ID, AGG_HOMOGENEOUS_MVTS) values (5, 917, 5, 'BP2S SINGAPORE', 'PARBSGSGXXX', 'ASIA/SINGAPORE', 'SGD', 1, TIMESTAMP '2008-06-25 13:22:24', null, 1, 'SGSG', 1278, null, 0);




insert into ACETP.APPLICATION_PARAMETER (VALUE, CREATION_DATE, UPDATING_DATE, VERSION_NUM, BRANCH_DB_ID, KEY, APPLICATION_PARAMETER_DB_ID, CB_REFERENCE, VALUE_TYPE, VALUE_EXEMPLE, NARRATIVE, BRANCH_OR_ID, CR_REFERENCE) values ('*,fileMode:true,messages:500,time:2min', TIMESTAMP '2018-01-16 20:00:50', TIMESTAMP '2026-02-19 20:10:47', 2, 1, 'EZF_MQ2FILE_PARAMS_MTMIN_DEFF', 11767, null, 'UNKWN', 'UNKWN', null, null, 'UNKWN');
insert into ACETP.APPLICATION_PARAMETER (VALUE, CREATION_DATE, UPDATING_DATE, VERSION_NUM, BRANCH_DB_ID, KEY, APPLICATION_PARAMETER_DB_ID, CB_REFERENCE, VALUE_TYPE, VALUE_EXEMPLE, NARRATIVE, BRANCH_OR_ID, CR_REFERENCE) values ('*,fileMode:true,messages:500,time:2min', TIMESTAMP '2018-01-16 20:00:50', TIMESTAMP '2026-02-19 20:10:47', 3, 34, 'EZF_MQ2FILE_PARAMS_MTMIN_ESMX', 11773, null, 'keyValue', '*,file:true,messages:100,time:5,pausable:true', null, null, 'DE-109127');
insert into ACETP.APPLICATION_PARAMETER (VALUE, CREATION_DATE, UPDATING_DATE, VERSION_NUM, BRANCH_DB_ID, KEY, APPLICATION_PARAMETER_DB_ID, CB_REFERENCE, VALUE_TYPE, VALUE_EXEMPLE, NARRATIVE, BRANCH_OR_ID, CR_REFERENCE) values ('*,fileMode:true,messages:500,time:2min', TIMESTAMP '2019-02-25 20:00:34', TIMESTAMP '2026-02-19 20:10:47', 3, 31, 'EZF_MQ2FILE_PARAMS_MTMIN_FRPP', 16645, null, 'keyValue', '*,file:true,messages:100,time:5,pausable:true', null, null, 'ATP-77488');
insert into ACETP.APPLICATION_PARAMETER (VALUE, CREATION_DATE, UPDATING_DATE, VERSION_NUM, BRANCH_DB_ID, KEY, APPLICATION_PARAMETER_DB_ID, CB_REFERENCE, VALUE_TYPE, VALUE_EXEMPLE, NARRATIVE, BRANCH_OR_ID, CR_REFERENCE) values ('*,fileMode:true,messages:500,time:2min', TIMESTAMP '2019-06-03 20:00:38', TIMESTAMP '2026-02-19 20:10:47', 3, 49, 'EZF_MQ2FILE_PARAMS_MTMIN_GB2L', 18035, null, 'keyValue', '*,file:true,messages:100,time:5,pausable:true', null, null, 'DE-109127');
insert into ACETP.APPLICATION_PARAMETER (VALUE, CREATION_DATE, UPDATING_DATE, VERSION_NUM, BRANCH_DB_ID, KEY, APPLICATION_PARAMETER_DB_ID, CB_REFERENCE, VALUE_TYPE, VALUE_EXEMPLE, NARRATIVE, BRANCH_OR_ID, CR_REFERENCE) values ('*,fileMode:true,messages:500,time:2min', TIMESTAMP '2023-03-06 06:52:34', TIMESTAMP '2026-02-19 20:10:47', 2, 50, 'EZF_MQ2FILE_PARAMS_MTMIN_GGS1', 27637, null, 'keyValue', '*,file:true,messages:100,time:5,pausable:true', null, null, 'DE-109127');
insert into ACETP.APPLICATION_PARAMETER (VALUE, CREATION_DATE, UPDATING_DATE, VERSION_NUM, BRANCH_DB_ID, KEY, APPLICATION_PARAMETER_DB_ID, CB_REFERENCE, VALUE_TYPE, VALUE_EXEMPLE, NARRATIVE, BRANCH_OR_ID, CR_REFERENCE) values ('*,fileMode:true,messages:500,time:2min', TIMESTAMP '2018-09-18 20:00:29', TIMESTAMP '2026-02-19 20:10:47', 2, 45, 'EZF_MQ2FILE_PARAMS_MTMIN_GRAX', 14665, null, 'keyValue', 'fileMode:true', null, null, 'DE88695');
insert into ACETP.APPLICATION_PARAMETER (VALUE, CREATION_DATE, UPDATING_DATE, VERSION_NUM, BRANCH_DB_ID, KEY, APPLICATION_PARAMETER_DB_ID, CB_REFERENCE, VALUE_TYPE, VALUE_EXEMPLE, NARRATIVE, BRANCH_OR_ID, CR_REFERENCE) values ('*,fileMode:true,messages:500,time:2min', TIMESTAMP '2018-01-18 06:30:18', TIMESTAMP '2026-02-19 20:10:47', 2, 6, 'EZF_MQ2FILE_PARAMS_MTMIN_HKHH', 11855, null, 'UNKWN', 'UNKWN', null, null, 'UNKWN');
insert into ACETP.APPLICATION_PARAMETER (VALUE, CREATION_DATE, UPDATING_DATE, VERSION_NUM, BRANCH_DB_ID, KEY, APPLICATION_PARAMETER_DB_ID, CB_REFERENCE, VALUE_TYPE, VALUE_EXEMPLE, NARRATIVE, BRANCH_OR_ID, CR_REFERENCE) values ('*,fileMode:true,messages:500,time:2min', TIMESTAMP '2018-01-16 20:00:50', TIMESTAMP '2026-02-19 20:10:47', 2, 4, 'EZF_MQ2FILE_PARAMS_MTMIN_HUHX', 11769, null, 'UNKWN', 'UNKWN', null, null, 'UNKWN');
insert into ACETP.APPLICATION_PARAMETER (VALUE, CREATION_DATE, UPDATING_DATE, VERSION_NUM, BRANCH_DB_ID, KEY, APPLICATION_PARAMETER_DB_ID, CB_REFERENCE, VALUE_TYPE, VALUE_EXEMPLE, NARRATIVE, BRANCH_OR_ID, CR_REFERENCE) values ('*,fileMode:true,messages:500,time:2min', TIMESTAMP '2018-01-16 20:00:50', TIMESTAMP '2026-02-19 20:10:47', 3, 2, 'EZF_MQ2FILE_PARAMS_MTMIN_ITMM', 11776, null, 'keyValue', '*,file:true,messages:100,time:5,pausable:true', null, null, 'DE-109127');
insert into ACETP.APPLICATION_PARAMETER (VALUE, CREATION_DATE, UPDATING_DATE, VERSION_NUM, BRANCH_DB_ID, KEY, APPLICATION_PARAMETER_DB_ID, CB_REFERENCE, VALUE_TYPE, VALUE_EXEMPLE, NARRATIVE, BRANCH_OR_ID, CR_REFERENCE) values ('*,fileMode:true,messages:500,time:2min', TIMESTAMP '2023-03-06 06:52:34', TIMESTAMP '2026-02-19 20:10:47', 3, 48, 'EZF_MQ2FILE_PARAMS_MTMIN_JESH', 27635, null, 'keyValue', '*,file:true,messages:100,time:5,pausable:true', null, null, 'DE-109127');
insert into ACETP.APPLICATION_PARAMETER (VALUE, CREATION_DATE, UPDATING_DATE, VERSION_NUM, BRANCH_DB_ID, KEY, APPLICATION_PARAMETER_DB_ID, CB_REFERENCE, VALUE_TYPE, VALUE_EXEMPLE, NARRATIVE, BRANCH_OR_ID, CR_REFERENCE) values ('*,fileMode:true,messages:500,time:2min', TIMESTAMP '2019-06-25 20:00:41', TIMESTAMP '2026-02-19 20:10:47', 3, 46, 'EZF_MQ2FILE_PARAMS_MTMIN_LULL', 18256, null, 'keyValue', '*,file:true,messages:100,time:5,pausable:true', null, null, 'ATP-77488');
insert into ACETP.APPLICATION_PARAMETER (VALUE, CREATION_DATE, UPDATING_DATE, VERSION_NUM, BRANCH_DB_ID, KEY, APPLICATION_PARAMETER_DB_ID, CB_REFERENCE, VALUE_TYPE, VALUE_EXEMPLE, NARRATIVE, BRANCH_OR_ID, CR_REFERENCE) values ('*,fileMode:true,messages:500,time:2min', TIMESTAMP '2018-01-16 20:00:50', TIMESTAMP '2026-02-19 20:10:47', 2, 3, 'EZF_MQ2FILE_PARAMS_MTMIN_PLPX', 11771, null, 'UNKWN', 'UNKWN', null, null, 'UNKWN');
insert into ACETP.APPLICATION_PARAMETER (VALUE, CREATION_DATE, UPDATING_DATE, VERSION_NUM, BRANCH_DB_ID, KEY, APPLICATION_PARAMETER_DB_ID, CB_REFERENCE, VALUE_TYPE, VALUE_EXEMPLE, NARRATIVE, BRANCH_OR_ID, CR_REFERENCE) values ('*,fileMode:true,messages:500,time:2min', TIMESTAMP '2018-01-18 06:30:18', TIMESTAMP '2026-02-19 20:10:47', 2, 5, 'EZF_MQ2FILE_PARAMS_MTMIN_SGSG', 11853, null, 'UNKWN', 'UNKWN', null, null, 'UNKWN');
insert into ACETP.APPLICATION_PARAMETER (VALUE, CREATION_DATE, UPDATING_DATE, VERSION_NUM, BRANCH_DB_ID, KEY, APPLICATION_PARAMETER_DB_ID, CB_REFERENCE, VALUE_TYPE, VALUE_EXEMPLE, NARRATIVE, BRANCH_OR_ID, CR_REFERENCE) values ('*,fileMode:true,messages:500,time:2min', TIMESTAMP '2018-09-10 20:00:30', TIMESTAMP '2026-02-19 20:10:47', 2, 39, 'EZF_MQ2FILE_PARAMS_MTMIN_CHZZ', 14674, null, 'keyValue', 'fileMode:true', null, null, 'DE88695');
insert into ACETP.APPLICATION_PARAMETER (VALUE, CREATION_DATE, UPDATING_DATE, VERSION_NUM, BRANCH_DB_ID, KEY, APPLICATION_PARAMETER_DB_ID, CB_REFERENCE, VALUE_TYPE, VALUE_EXEMPLE, NARRATIVE, BRANCH_OR_ID, CR_REFERENCE) values ('*,fileMode:true,messages:500,time:2min', TIMESTAMP '2019-06-28 20:01:17', TIMESTAMP '2026-02-19 20:10:47', 2, 47, 'EZF_MQ2FILE_PARAMS_MTMIN_BEBZ', 18305, null, 'keyValue', '*,file:true,messages:100,time:5,pausable:true', null, null, 'ATP-80756');
insert into ACETP.APPLICATION_PARAMETER (VALUE, CREATION_DATE, UPDATING_DATE, VERSION_NUM, BRANCH_DB_ID, KEY, APPLICATION_PARAMETER_DB_ID, CB_REFERENCE, VALUE_TYPE, VALUE_EXEMPLE, NARRATIVE, BRANCH_OR_ID, CR_REFERENCE) values ('*,fileMode:true,messages:500,time:2min', TIMESTAMP '2018-01-18 06:30:18', TIMESTAMP '2026-02-19 20:10:47', 2, 33, 'EZF_MQ2FILE_PARAMS_MTMIN_AU2S', 11857, null, 'UNKWN', 'UNKWN', null, null, 'UNKWN');


insert into ACETP.CB_FILE_TYPE (CB_FILE_TYPE_DB_ID, LOGICAL_FILE_TYPE, SENDER_APPLICATION, RECEIVER_APPLICATION, TECHNICAL_TYPE, CREATION_DATE, UPDATING_DATE, VERSION_NUM, RUNNING_STATUS_IND, BRANCH_DB_ID, ENTITY_DB_ID, DIRECTION, PHYSICAL_FILE_TYPE, ONE_AT_A_TIME_IND, MASS_PROCESSING_IND, EF_LOGS_ONE_AT_A_TIME_IND, COB_CLOSABLE) values (4203, 'MTM', 'MTM', null, 'SC', DATE '0015-06-12', TIMESTAMP '2018-01-16 20:00:50', 2, 1, 2, null, 'IN', 'MTMINITMM', 0, 1, 0, 1);
insert into ACETP.CB_FILE_TYPE (CB_FILE_TYPE_DB_ID, LOGICAL_FILE_TYPE, SENDER_APPLICATION, RECEIVER_APPLICATION, TECHNICAL_TYPE, CREATION_DATE, UPDATING_DATE, VERSION_NUM, RUNNING_STATUS_IND, BRANCH_DB_ID, ENTITY_DB_ID, DIRECTION, PHYSICAL_FILE_TYPE, ONE_AT_A_TIME_IND, MASS_PROCESSING_IND, EF_LOGS_ONE_AT_A_TIME_IND, COB_CLOSABLE) values (5723, 'MTM', 'MTM', null, 'SC', TIMESTAMP '2018-01-16 20:00:50', TIMESTAMP '2018-01-16 20:00:50', 1, 1, 1, null, 'IN', 'MTMINDEFF', 0, 1, 0, 1);
insert into ACETP.CB_FILE_TYPE (CB_FILE_TYPE_DB_ID, LOGICAL_FILE_TYPE, SENDER_APPLICATION, RECEIVER_APPLICATION, TECHNICAL_TYPE, CREATION_DATE, UPDATING_DATE, VERSION_NUM, RUNNING_STATUS_IND, BRANCH_DB_ID, ENTITY_DB_ID, DIRECTION, PHYSICAL_FILE_TYPE, ONE_AT_A_TIME_IND, MASS_PROCESSING_IND, EF_LOGS_ONE_AT_A_TIME_IND, COB_CLOSABLE) values (5724, 'MTM', 'MTM', null, 'SC', TIMESTAMP '2018-01-16 20:00:50', TIMESTAMP '2018-01-16 20:00:50', 1, 1, 4, null, 'IN', 'MTMINHUHX', 0, 1, 0, 1);
insert into ACETP.CB_FILE_TYPE (CB_FILE_TYPE_DB_ID, LOGICAL_FILE_TYPE, SENDER_APPLICATION, RECEIVER_APPLICATION, TECHNICAL_TYPE, CREATION_DATE, UPDATING_DATE, VERSION_NUM, RUNNING_STATUS_IND, BRANCH_DB_ID, ENTITY_DB_ID, DIRECTION, PHYSICAL_FILE_TYPE, ONE_AT_A_TIME_IND, MASS_PROCESSING_IND, EF_LOGS_ONE_AT_A_TIME_IND, COB_CLOSABLE) values (5725, 'MTM', 'MTM', null, 'SC', TIMESTAMP '2018-01-16 20:00:50', TIMESTAMP '2018-01-16 20:00:50', 1, 1, 3, null, 'IN', 'MTMINPLPX', 0, 1, 0, 1);
insert into ACETP.CB_FILE_TYPE (CB_FILE_TYPE_DB_ID, LOGICAL_FILE_TYPE, SENDER_APPLICATION, RECEIVER_APPLICATION, TECHNICAL_TYPE, CREATION_DATE, UPDATING_DATE, VERSION_NUM, RUNNING_STATUS_IND, BRANCH_DB_ID, ENTITY_DB_ID, DIRECTION, PHYSICAL_FILE_TYPE, ONE_AT_A_TIME_IND, MASS_PROCESSING_IND, EF_LOGS_ONE_AT_A_TIME_IND, COB_CLOSABLE) values (5726, 'MTM', 'MTM', null, 'SC', TIMESTAMP '2018-01-16 20:00:50', TIMESTAMP '2018-01-16 20:00:50', 1, 1, 34, null, 'IN', 'MTMINESMX', 0, 1, 0, 1);
insert into ACETP.CB_FILE_TYPE (CB_FILE_TYPE_DB_ID, LOGICAL_FILE_TYPE, SENDER_APPLICATION, RECEIVER_APPLICATION, TECHNICAL_TYPE, CREATION_DATE, UPDATING_DATE, VERSION_NUM, RUNNING_STATUS_IND, BRANCH_DB_ID, ENTITY_DB_ID, DIRECTION, PHYSICAL_FILE_TYPE, ONE_AT_A_TIME_IND, MASS_PROCESSING_IND, EF_LOGS_ONE_AT_A_TIME_IND, COB_CLOSABLE) values (5746, 'MTM', 'MTM', null, 'SC', TIMESTAMP '2018-01-18 06:30:18', TIMESTAMP '2018-01-18 06:30:18', 1, 1, 5, null, 'IN', 'MTMINSGSG', 0, 1, 0, 1);
insert into ACETP.CB_FILE_TYPE (CB_FILE_TYPE_DB_ID, LOGICAL_FILE_TYPE, SENDER_APPLICATION, RECEIVER_APPLICATION, TECHNICAL_TYPE, CREATION_DATE, UPDATING_DATE, VERSION_NUM, RUNNING_STATUS_IND, BRANCH_DB_ID, ENTITY_DB_ID, DIRECTION, PHYSICAL_FILE_TYPE, ONE_AT_A_TIME_IND, MASS_PROCESSING_IND, EF_LOGS_ONE_AT_A_TIME_IND, COB_CLOSABLE) values (5747, 'MTM', 'MTM', null, 'SC', TIMESTAMP '2018-01-18 06:30:18', TIMESTAMP '2018-01-18 06:30:18', 1, 1, 6, null, 'IN', 'MTMINHKHH', 0, 1, 0, 1);
insert into ACETP.CB_FILE_TYPE (CB_FILE_TYPE_DB_ID, LOGICAL_FILE_TYPE, SENDER_APPLICATION, RECEIVER_APPLICATION, TECHNICAL_TYPE, CREATION_DATE, UPDATING_DATE, VERSION_NUM, RUNNING_STATUS_IND, BRANCH_DB_ID, ENTITY_DB_ID, DIRECTION, PHYSICAL_FILE_TYPE, ONE_AT_A_TIME_IND, MASS_PROCESSING_IND, EF_LOGS_ONE_AT_A_TIME_IND, COB_CLOSABLE) values (5748, 'MTM', 'MTM', null, 'SC', TIMESTAMP '2018-01-18 06:30:18', TIMESTAMP '2018-01-18 06:30:18', 1, 1, 33, null, 'IN', 'MTMINAU2S', 0, 1, 0, 1);
insert into ACETP.CB_FILE_TYPE (CB_FILE_TYPE_DB_ID, LOGICAL_FILE_TYPE, SENDER_APPLICATION, RECEIVER_APPLICATION, TECHNICAL_TYPE, CREATION_DATE, UPDATING_DATE, VERSION_NUM, RUNNING_STATUS_IND, BRANCH_DB_ID, ENTITY_DB_ID, DIRECTION, PHYSICAL_FILE_TYPE, ONE_AT_A_TIME_IND, MASS_PROCESSING_IND, EF_LOGS_ONE_AT_A_TIME_IND, COB_CLOSABLE) values (6043, 'MTM', null, null, 'SC', TIMESTAMP '2018-09-10 20:00:30', null, 1, 1, 45, null, 'IN', 'MTMINGRAX', 1, 1, 0, 1);
insert into ACETP.CB_FILE_TYPE (CB_FILE_TYPE_DB_ID, LOGICAL_FILE_TYPE, SENDER_APPLICATION, RECEIVER_APPLICATION, TECHNICAL_TYPE, CREATION_DATE, UPDATING_DATE, VERSION_NUM, RUNNING_STATUS_IND, BRANCH_DB_ID, ENTITY_DB_ID, DIRECTION, PHYSICAL_FILE_TYPE, ONE_AT_A_TIME_IND, MASS_PROCESSING_IND, EF_LOGS_ONE_AT_A_TIME_IND, COB_CLOSABLE) values (6045, 'MTM', null, null, 'SC', TIMESTAMP '2018-09-10 20:00:30', null, 1, 1, 39, null, 'IN', 'MTMINCHEZ', 1, 1, 0, 1);
insert into ACETP.CB_FILE_TYPE (CB_FILE_TYPE_DB_ID, LOGICAL_FILE_TYPE, SENDER_APPLICATION, RECEIVER_APPLICATION, TECHNICAL_TYPE, CREATION_DATE, UPDATING_DATE, VERSION_NUM, RUNNING_STATUS_IND, BRANCH_DB_ID, ENTITY_DB_ID, DIRECTION, PHYSICAL_FILE_TYPE, ONE_AT_A_TIME_IND, MASS_PROCESSING_IND, EF_LOGS_ONE_AT_A_TIME_IND, COB_CLOSABLE) values (6423, 'MTM', 'MTM', null, 'SC', TIMESTAMP '2019-03-08 20:00:29', TIMESTAMP '2019-03-08 20:00:29', 1, 1, 31, null, 'IN', 'MTMINFRPP', 1, 1, 0, 1);
insert into ACETP.CB_FILE_TYPE (CB_FILE_TYPE_DB_ID, LOGICAL_FILE_TYPE, SENDER_APPLICATION, RECEIVER_APPLICATION, TECHNICAL_TYPE, CREATION_DATE, UPDATING_DATE, VERSION_NUM, RUNNING_STATUS_IND, BRANCH_DB_ID, ENTITY_DB_ID, DIRECTION, PHYSICAL_FILE_TYPE, ONE_AT_A_TIME_IND, MASS_PROCESSING_IND, EF_LOGS_ONE_AT_A_TIME_IND, COB_CLOSABLE) values (6443, 'MTM', 'MTM', null, 'SC', TIMESTAMP '2019-03-13 13:49:00', TIMESTAMP '2019-03-13 13:49:00', 1, 1, 46, null, 'IN', 'MTMINLULL', 1, 1, 0, 1);
insert into ACETP.CB_FILE_TYPE (CB_FILE_TYPE_DB_ID, LOGICAL_FILE_TYPE, SENDER_APPLICATION, RECEIVER_APPLICATION, TECHNICAL_TYPE, CREATION_DATE, UPDATING_DATE, VERSION_NUM, RUNNING_STATUS_IND, BRANCH_DB_ID, ENTITY_DB_ID, DIRECTION, PHYSICAL_FILE_TYPE, ONE_AT_A_TIME_IND, MASS_PROCESSING_IND, EF_LOGS_ONE_AT_A_TIME_IND, COB_CLOSABLE) values (6643, 'MTM', 'MTM', null, 'SC', TIMESTAMP '2019-06-28 20:01:17', TIMESTAMP '2019-06-28 20:01:17', 1, 1, 47, null, 'IN', 'MTMINBEBZ', 1, 1, 0, 1);
insert into ACETP.CB_FILE_TYPE (CB_FILE_TYPE_DB_ID, LOGICAL_FILE_TYPE, SENDER_APPLICATION, RECEIVER_APPLICATION, TECHNICAL_TYPE, CREATION_DATE, UPDATING_DATE, VERSION_NUM, RUNNING_STATUS_IND, BRANCH_DB_ID, ENTITY_DB_ID, DIRECTION, PHYSICAL_FILE_TYPE, ONE_AT_A_TIME_IND, MASS_PROCESSING_IND, EF_LOGS_ONE_AT_A_TIME_IND, COB_CLOSABLE) values (8764, 'MTM', 'MTM', null, 'SC', TIMESTAMP '2023-03-06 06:52:34', TIMESTAMP '2023-03-06 06:52:34', 1, 1, 49, null, 'IN', 'MTMINGB2L', 1, 1, 0, 1);
insert into ACETP.CB_FILE_TYPE (CB_FILE_TYPE_DB_ID, LOGICAL_FILE_TYPE, SENDER_APPLICATION, RECEIVER_APPLICATION, TECHNICAL_TYPE, CREATION_DATE, UPDATING_DATE, VERSION_NUM, RUNNING_STATUS_IND, BRANCH_DB_ID, ENTITY_DB_ID, DIRECTION, PHYSICAL_FILE_TYPE, ONE_AT_A_TIME_IND, MASS_PROCESSING_IND, EF_LOGS_ONE_AT_A_TIME_IND, COB_CLOSABLE) values (8765, 'MTM', 'MTM', null, 'SC', TIMESTAMP '2023-03-06 06:52:34', TIMESTAMP '2023-03-06 06:52:34', 1, 1, 48, null, 'IN', 'MTMINJESH', 1, 1, 0, 1);
insert into ACETP.CB_FILE_TYPE (CB_FILE_TYPE_DB_ID, LOGICAL_FILE_TYPE, SENDER_APPLICATION, RECEIVER_APPLICATION, TECHNICAL_TYPE, CREATION_DATE, UPDATING_DATE, VERSION_NUM, RUNNING_STATUS_IND, BRANCH_DB_ID, ENTITY_DB_ID, DIRECTION, PHYSICAL_FILE_TYPE, ONE_AT_A_TIME_IND, MASS_PROCESSING_IND, EF_LOGS_ONE_AT_A_TIME_IND, COB_CLOSABLE) values (8766, 'MTM', 'MTM', null, 'SC', TIMESTAMP '2023-03-06 06:52:34', TIMESTAMP '2023-03-06 06:52:34', 1, 1, 50, null, 'IN', 'MTMINGGS1', 1, 1, 0, 1);

INSERT INTO ACETP.EF_FLOW_DEFINITION (
    FLOW_NAME,
    BUSINESS_TABLE_NAME,
    FILETYPE_PHYSICAL_PATTERN,
    APP_PARAM_KEY_PREFIX,
    GROUPING_STRATEGY_BEAN,
    PRIORITY_RANK,
    ENABLED,
    RELOAD_ENABLED,
    VERSION_NUM,
    NARRATIVE
) VALUES (
             'MTMIN',
             'CL_BUSINESS_MTM_IN',
             '%MTMIN%',
             'EZF_MQ2FILE_FLUSH_MTMIN_',
             'branchOrFileGroupingStrategy',
             10,
             1,
             1,
             1,
             'Flow MTM IN - configuration MQ2 file (flush) par branche'
         );



commit ;
